Story ID,Epic,Actor,User Story,Acceptance Criteria,API / Gateway Route,API Gateway / Service Components,MongoDB Collections,Dependencies / Integration,Priority
ACD09-US-001,Assessment Structure,Academic Admin,Create an assessment structure for a subject so the institution has an authoritative assessment definition.,Valid subject/context creates DRAFT; duplicate business identity returns 409.,POST /api/v1/academics/assessments,API Gateway; IAM/RBAC/ABAC; AssessmentController,assessment_structures; assessment_history; idempotency_records,Subject/Course/Curriculum,High
ACD09-US-002,Assessment Structure,Faculty,Create an assessment structure within assigned subject scope.,Gateway and ABAC enforce tenant/institution/department/subject scope.,POST /api/v1/academics/assessments,API Gateway; IAM/RBAC/ABAC; AssessmentApplicationService,assessment_structures; assessment_history,Faculty/subject context,High
ACD09-US-003,Assessment Structure,System,Prevent duplicate assessment identity within a tenant and academic context.,Unique tenant+assessmentCode+academicYear+subjectId is enforced.,POST /api/v1/academics/assessments,AssessmentRepository; Domain Rules,assessment_structures,MongoDB unique index,High
ACD09-US-004,Assessment Structure,Academic Admin,"Configure internal, external, practical and other supported assessment types.",Unsupported assessment types are rejected.,POST /api/v1/academics/assessments,AssessmentDomainService,assessment_structures,Shared Configuration,Medium
ACD09-US-005,Assessment Structure,Academic Admin,"Associate an assessment with subject, course, curriculum, term and academic year where applicable.",References and mandatory academic context are validated.,POST /api/v1/academics/assessments,Subject/Curriculum/Course adapters,assessment_structures; assessment_history,ACD-01/02/03; Academic Calendar,High
ACD09-US-006,Assessment Structure,Faculty,Update a draft assessment structure before approval.,Authorized draft changes are audited; published structures cannot be edited in place.,PUT /api/v1/academics/assessments/{id},AssessmentApplicationService; DomainService,assessment_structures; assessment_history; idempotency_records,IAM/RBAC/ABAC,High
ACD09-US-007,Components,Faculty,"Add tests, assignments, practicals, exams and other components.",Component is linked to a valid assessment and passes type/marks validation.,POST /api/v1/academics/assessments/{id}/components,ComponentManager; AssessmentDomainService,assessment_components; assessment_structures; assessment_history,Assessment structure,High
ACD09-US-008,Components,Faculty,Configure maximum marks for each component.,Marks are valid and satisfy component policy.,POST/PUT component API,ComponentManager; AssessmentRuleEngine,assessment_components; assessment_history,Assessment policy,High
ACD09-US-009,Components,Faculty,Configure component weightage.,Weightage is validated against assessment rules.,POST/PUT component API,WeightageValidationEngine,assessment_components; assessment_structures,Weightage policy,High
ACD09-US-010,Components,Faculty,Configure passing marks.,passingMarks cannot exceed maximumMarks.,POST/PUT component API,AssessmentRuleEngine,assessment_components; assessment_history,Assessment policy,High
ACD09-US-011,Components,Faculty,Configure component sequence/order.,assessmentId+sequenceNo is unique.,POST/PUT component API,ComponentManager; Repository,assessment_components,MongoDB unique index,Medium
ACD09-US-012,Components,Faculty,"Configure rubric, evaluation method and attempt policy.",Configured evaluation metadata is validated and stored.,POST/PUT component API,ComponentManager; DomainService,assessment_components; assessment_history,Rubric/evaluation configuration,High
ACD09-US-013,Components,Academic Admin,Retrieve components for an assessment.,"Authorized users receive sequence, marks, weightage and evaluation configuration.",GET /api/v1/academics/assessments/{id}/components,AssessmentQueryService,assessment_components; assessment_structures,IAM/RBAC/ABAC,Medium
ACD09-US-014,Components,Faculty,Update a draft component.,Only authorized draft components change; stale versions return 409.,PUT /api/v1/academics/assessments/{id}/components/{componentId},ComponentManager; VersionManager,assessment_components; assessment_history; idempotency_records,Optimistic concurrency,High
ACD09-US-015,Components,Academic Admin,Delete an invalid draft component.,Deletion is allowed only under lifecycle rules; published components remain immutable.,DELETE /api/v1/academics/assessments/{id}/components/{componentId},ComponentManager; IAM/RBAC,assessment_components; assessment_history,Lifecycle rules,Medium
ACD09-US-016,Weightage,System,Reconcile component weightage with configured assessment total.,Validation returns deterministic weight mismatch diagnostics.,GET/POST /api/v1/academics/assessments/{id}/validate,WeightageValidationEngine,assessment_structures; assessment_components,Assessment rules,High
ACD09-US-017,Weightage,System,Reconcile maximum-mark totals.,Component maximum marks are compared with configured totalMarks.,GET/POST /api/v1/academics/assessments/{id}/validate,WeightageValidationEngine,assessment_structures; assessment_components,Assessment rules,High
ACD09-US-018,Weightage,System,Validate passing-mark constraints.,Invalid passingMarks/maximumMarks relationships are rejected.,GET/POST /api/v1/academics/assessments/{id}/validate,AssessmentRuleEngine,assessment_components,Assessment rules,High
ACD09-US-019,Validation,Faculty,Validate an assessment before submission.,"Validation identifies weightage, marks, uniqueness, subject and outcome errors.",GET/POST /api/v1/academics/assessments/{id}/validate,WeightageValidationEngine; OutcomeMappingEngine,assessment_structures; assessment_components; outcome_mappings,Subject/Curriculum/Course/Outcome,High
ACD09-US-020,Outcome Mapping,Faculty,"Map a component to CO, PO or learning outcome.",Referenced outcome is valid and unique mapping is created.,POST /api/v1/academics/assessments/{id}/mappings,OutcomeMappingEngine,outcome_mappings; assessment_components,Outcome master outside ACD-09,High
ACD09-US-021,Outcome Mapping,Academic Admin,Support component-level and assessment-level mappings.,Only supported mappingLevel values are accepted.,POST /api/v1/academics/assessments/{id}/mappings,OutcomeMappingEngine,outcome_mappings; assessment_history,CO/PO/LO policy,High
ACD09-US-022,Outcome Mapping,Faculty,Assign mapping weight to an outcome relationship.,Mapping weight is within configured range.,POST /api/v1/academics/assessments/{id}/mappings,OutcomeMappingEngine,outcome_mappings,Attainment policy,High
ACD09-US-023,Outcome Mapping,Academic Admin,Configure attainment policy reference for an outcome mapping.,Configured attainment policy reference is validated and retained.,POST /api/v1/academics/assessments/{id}/mappings,OutcomeMappingEngine,outcome_mappings,Shared configuration,Medium
ACD09-US-024,Outcome Mapping,System,Prevent duplicate outcome mappings.,Unique assessment+component+outcome combination is enforced.,POST /api/v1/academics/assessments/{id}/mappings,OutcomeMappingEngine; Repository,outcome_mappings,MongoDB unique index,High
ACD09-US-025,Outcome Mapping,Academic Admin,Retrieve assessment outcome mappings.,Authorized queries return mappings by assessment/component/outcome type.,GET /api/v1/academics/assessments/{id}/mappings,AssessmentQueryService,outcome_mappings; assessment_components,IAM/RBAC/ABAC,Medium
ACD09-US-026,Subject Mapping,Faculty,Retrieve the effective assessment map for a subject.,Returns authorized effective published mapping for the academic context.,GET /api/v1/academics/assessments/subject/{subjectId},AssessmentQueryService,assessment_structures; assessment_components; outcome_mappings,Subject/Curriculum/Course,High
ACD09-US-027,EXM Context,Examination Coordinator,Retrieve approved assessment context for examination execution.,Only approved/published context is exposed; EXM cannot modify ACD-09 data.,GET /api/v1/academics/assessments/subject/{subjectId},API Gateway; IAM/RBAC; AssessmentQueryService,assessment_structures; assessment_components; outcome_mappings,EXM,High
ACD09-US-028,Lifecycle,Academic Admin,Manage Draft→Review→Approved→Published→Retired lifecycle.,Only configured transitions are allowed; rejected/cancelled draft outcomes are terminal.,Lifecycle APIs,AssessmentDomainService; ApprovalPolicyAdapter,assessment_structures; assessment_history,Workflow/Approval,High
ACD09-US-029,Approval,Department Head,Review and approve departmental assessment structures.,Department scope and approval context are enforced and audited.,Approval/publish APIs,ApprovalPolicyAdapter; IAM/RBAC/ABAC,assessment_structures; assessment_history,Workflow/Approval,High
ACD09-US-030,Publication,Academic Admin,Publish a validated assessment mapping.,"Authorization, expectedVersion, approval and validation succeed before atomic publication; immutable version and outbox record are created.",POST /api/v1/academics/assessments/{id}/publish,AssessmentVersionManager; WeightageValidationEngine; ApprovalPolicyAdapter; OutboxPublisher,assessment_structures; assessment_components; outcome_mappings; assessment_history; outbox_events; idempotency_records,EXM; Analytics,High
ACD09-US-031,Versioning,Academic Admin,Keep published assessment definitions immutable.,Changes to published structures/mappings require a new version.,PUT assessment/component/mapping; publish,AssessmentVersionManager; Domain Rules,assessment_structures; assessment_components; outcome_mappings; assessment_history,Optimistic concurrency,High
ACD09-US-032,Versioning,System,Prevent concurrent edits from silently overwriting assessment definitions.,Stale expectedVersion returns ACD_ASSESSMENT_VERSION_CONFLICT.,PUT assessment; publish,AssessmentVersionManager,assessment_structures; assessment_history; idempotency_records,MongoDB optimistic versioning,High
ACD09-US-033,Versioning,Academic Admin,View assessment version history.,"History includes version, action, transition, actor, reason and approval reference.",GET version/history API,AssessmentQueryService,assessment_history; assessment_structures,Audit/Governance,Medium
ACD09-US-034,Audit,Auditor,"Audit component, mapping, approval, publication and retirement changes.","History captures old/new state, actor, timestamp, reason, approval and correlationId.",Lifecycle/component/mapping APIs,AuditAdapter,assessment_history,Governance/Audit,High
ACD09-US-035,Audit,Auditor,Audit authorization failures.,"Protected API failures record actor, scope, time and correlationId.",All protected endpoints,API Gateway; IAM/RBAC/ABAC; AuditAdapter,assessment_history,Security monitoring,High
ACD09-US-036,Events,EXM/Analytics,Receive AssessmentStructureCreated events.,Canonical event envelope is emitted reliably after creation.,Event Bus,OutboxPublisher,outbox_events; assessment_structures,EXM; Analytics,High
ACD09-US-037,Events,EXM/Analytics,Receive AssessmentMappingUpdated events.,Draft mapping changes produce reliable versioned events.,Event Bus,OutboxPublisher; Event Bus,outbox_events; outcome_mappings; assessment_history,EXM; Analytics,High
ACD09-US-038,Events,EXM/Analytics,Receive AssessmentMappingPublished events.,Published event is emitted only after successful commit and identifies effective version.,Event Bus,OutboxPublisher; Event Bus,outbox_events; assessment_structures; assessment_history,EXM; Analytics,High
ACD09-US-039,Event Consumption,System,Consume SubjectPublished events.,Subject context is validated/activated idempotently; mandatory dependency failure fails closed.,Event Bus,Event Consumer; SubjectReferenceClient,idempotency_records; assessment_structures; assessment_history,ACD-03 Subject,Medium
ACD09-US-040,Event Consumption,System,Consume CurriculumPublished events.,Affected assessment structures can be identified and marked review-needed; published definitions are not mutated.,Event Bus,Event Consumer; CurriculumReferenceClient; DomainService,assessment_structures; assessment_history; idempotency_records,ACD-02 Curriculum,High
ACD09-US-041,Event Consumption,System,Consume CourseUpdated events.,Affected assessment structures are identified and course context refreshed without modifying course ownership.,Event Bus,Event Consumer; Course Adapter,assessment_structures; assessment_history; idempotency_records,ACD-01 Course,Medium
ACD09-US-042,Reliability,System,Commit business changes and outbox records atomically where practical.,No successful authoritative change can lose its corresponding event record.,Create/update/map/publish APIs,OutboxPublisher; Repository,outbox_events; assessment_structures; assessment_components; outcome_mappings; assessment_history,MongoDB transaction,High
ACD09-US-043,Reliability,System,Protect retryable writes with Idempotency-Key.,Same key+request hash returns stored result; different hash is rejected.,POST create/map/publish APIs,API Gateway; Idempotency middleware,idempotency_records,MongoDB TTL where configured,High
ACD09-US-044,Reliability,System Operator,Retry transient broker failures with bounded backoff.,Transient failures retry; deterministic validation/authorization failures do not.,Event Bus,OutboxPublisher; Event Consumer,outbox_events; dead_letter_events,Event Bus,High
ACD09-US-045,Reliability,System Operator,Store poison events in a dead-letter collection.,"DLQ retains event identity, payload, failure details, attempts and replay count.",Event Bus/DLQ,DLQ Handler,dead_letter_events,Event Bus,High
ACD09-US-046,Reliability,System Operator,Replay remediated dead-letter events safely.,"Replay is authorized, replayCount updates, original identity is preserved and eventId idempotency prevents duplicate business effects.",Operational DLQ replay API,DLQ Handler; Idempotency Handler,dead_letter_events; idempotency_records; outbox_events,Event Bus,High
ACD09-US-047,Security,Academic Admin,"Enforce tenant, institution, department, subject and course scope.",Out-of-scope access is denied before data is returned or changed and is audited.,All endpoints,API Gateway; IAM/RBAC/ABAC,All 7 collections,IAM/tenant context,High
ACD09-US-048,Security,Examination Coordinator,Provide read-only approved assessment context to EXM.,EXM can read published context but cannot modify ACD-09-owned data.,Subject/context APIs,API Gateway; IAM/RBAC; AssessmentQueryService,assessment_structures; assessment_components; outcome_mappings,EXM,High
ACD09-US-049,Architecture Boundary,System,"Prevent direct database sharing with EXM, LMS and Analytics.",Consumers use APIs/events and cannot write ACD-09 collections directly.,All integrations,API Gateway; Event Bus,All 7 collections,EXM; LMS; Analytics,High
ACD09-US-050,Analytics,Academic Admin,View assessment coverage and mapping completeness analytics.,"Reports cover component distribution, outcome coverage, program-wise plans and unmapped outcomes without changing authoritative data.",GET /api/v1/analytics/coverage,Reporting & Analytics; AssessmentQueryService,assessment_structures; assessment_components; outcome_mappings,ACD-10 Analytics,Medium
ACD09-US-051,Analytics,Academic Admin,View assessment-load and balance insights.,"Advisory analytics cover load distribution, weightage patterns, rubric complexity and balance.",Analytics service,Reporting & Analytics; Intelligence Layer,assessment_structures; assessment_components; outcome_mappings,ACD-10 Analytics,Medium
ACD09-US-052,Reporting,Academic Admin,Export authorized assessment structures and mappings.,Exports respect authorization and are asynchronous for long-running operations.,GET /api/v1/export/assessment,AssessmentQueryService; AuthorizationPolicyAdapter,assessment_structures; assessment_components; outcome_mappings; assessment_history,Reporting/Analytics,Medium
ACD09-US-053,Query,Academic Admin,"Query assessments by subject, course, term and academic year.",Queries use tenant-aware indexes and support filtering/pagination.,GET assessment/query APIs,AssessmentQueryService,assessment_structures; assessment_components,MongoDB indexes,Medium
ACD09-US-054,Effective Version,System,Ensure only one effective published version exists for an assessment context.,Publication prevents conflicting effective versions and handles publication races with 409.,POST /api/v1/academics/assessments/{id}/publish,AssessmentVersionManager; AssessmentRuleEngine,assessment_structures; assessment_history; outbox_events,MongoDB optimistic concurrency,High
ACD09-US-055,Lifecycle,Academic Admin,Retire an obsolete assessment mapping.,"Retirement is authorized, audited and retains historical versions.",Retirement lifecycle API,AssessmentDomainService; AuditAdapter,assessment_structures; assessment_history; outbox_events,EXM; Analytics; Governance,Medium
ACD09-US-056,Change Impact,Academic Admin,Identify assessments affected by curriculum changes.,CurriculumPublished identifies affected structures and policy can mark them review-needed without mutating published definitions.,Event-driven workflow,CurriculumReferenceClient; DomainService; VersionManager,assessment_structures; assessment_history; idempotency_records,ACD-02 Curriculum,High
ACD09-US-057,Change Impact,Faculty,Review assessment definitions affected by course/curriculum changes.,Affected structures expose current effective version and review status; published history remains unchanged.,Assessment review/query API,AssessmentQueryService,assessment_structures; assessment_history,Course/Curriculum context,Medium
ACD09-US-058,Data Integrity,System,"Validate subject, course, curriculum and outcome references.",Invalid references are rejected or fail closed according to dependency policy.,Create/update/map/validate APIs,Subject/Curriculum/Course adapters; OutcomeMappingEngine,assessment_structures; outcome_mappings; assessment_history,Academic domains,High
ACD09-US-059,Performance,System Operator,Keep assessment reads within documented performance targets.,Normal API P95 targets <300ms and indexed search/mapping P95 targets <2s under baseline.,All read APIs,AssessmentQueryService; ObservabilityAdapter,assessment_structures; assessment_components; outcome_mappings,MongoDB indexes; cache,Medium
ACD09-US-060,Observability,System Operator,"Monitor creation rate, validation failures, publication latency, weightage conflicts, API P95, outbox lag, event failures and consumer lag.",Documented metrics and Gateway→ACD-09→MongoDB→outbox→broker traces are available.,All APIs/events,ObservabilityAdapter,outbox_events; assessment_history; dead_letter_events,Monitoring/tracing platform,Medium
ACD09-US-061,Backup & DR,System Operator,Perform encrypted backups and restore drills.,"Restore validation confirms preserved history, tenant isolation and no conflicting effective versions.",Operational DR workflow,Backup/Restore Service; Repository,assessment_structures; assessment_components; outcome_mappings; assessment_history,Backup/PITR,High
ACD09-US-062,Retention,Academic Admin,"Apply institutional retention to published definitions, mappings and history.",Published academic records follow institutional retention; draft/technical records may use shorter operational windows.,Governance/retention workflow,Retention Service; AuditAdapter,assessment_structures; assessment_components; outcome_mappings; assessment_history; outbox_events; dead_letter_events,Retention policy,Medium
ACD09-US-063,RBAC,Academic Admin,Perform institutional assessment administration within authorized scope.,"Create, update, map, approve, publish, retire, report and audit actions require proper role and scope.",All protected APIs,API Gateway; IAM/RBAC/ABAC,All 7 collections,IAM,High
ACD09-US-064,RBAC,Department Head,Review and approve departmental assessment structures.,Department scope is enforced and approvalRef records approval context.,Approval/publish APIs,ApprovalPolicyAdapter; IAM/RBAC/ABAC,assessment_structures; assessment_history,Workflow/Approval,High
ACD09-US-065,API Contract,System,"Provide standardized API envelopes, errors, pagination, filtering, sorting and correlation metadata.",All APIs use /api/v1 conventions and documented ACD-09 error codes.,All /api/v1 endpoints,API Gateway; AssessmentController,Applicable collections,Shared API standards,Medium
ACD09-US-066,Security,System,Protect assessment definitions and confidential approval/history data.,"TLS, encryption at rest, least privilege, tenant isolation and scoped exports are enforced.",All endpoints,API Gateway; IAM/RBAC/ABAC,All 7 collections,Platform security,High
ACD09-US-067,LMS Integration,LMS,Receive approved assessment context without owning assessment definitions.,LMS receives authorized published context through APIs/events and cannot directly modify ACD-09 data.,Subject/context APIs; Event Bus,AssessmentQueryService; OutboxPublisher,assessment_structures; assessment_components; outcome_mappings; outbox_events,LMS,Medium
ACD09-US-068,Validation,Academic Admin,Detect required-but-missing component-to-outcome mappings.,Validation blocks publication when policy requires complete outcome mapping.,GET/POST /api/v1/academics/assessments/{id}/validate,OutcomeMappingEngine; AssessmentRuleEngine,assessment_structures; assessment_components; outcome_mappings,Outcome policy,High
ACD09-US-069,Templates,Academic Admin,Reuse assessment templates to create new draft structures.,"Template reuse creates a new draft while retaining scope, validation and lifecycle controls.",Template API/workflow,AssessmentApplicationService; ComponentManager,assessment_structures; assessment_components; assessment_history,Shared Configuration,Medium
ACD09-US-070,Multi-program,Academic Admin,Support multi-program and multi-department assessment contexts where configured.,Program/department context is subject to ABAC and cannot bypass scope controls.,Create/query/publish APIs,IAM/RBAC/ABAC; AssessmentDomainService,assessment_structures; assessment_components; outcome_mappings,Program/Department context,Medium
