Story ID,Epic,Actor,User Story,Acceptance Criteria,API / Gateway Route,API Gateway / Service Components,MongoDB Collections,Dependencies / Integration,Priority,Story Type,Traceability
ACD08-US-001,Resource Management,Faculty,"As a Faculty member, I want to register a learning resource with title, type, subject/course/curriculum context, so that the resource is available in the academic catalog.","Given I am an authorized faculty member, when I submit valid resource metadata, then ACD-08 creates a resource record and returns a resourceId, version and lifecycle status.",POST /api/v1/academics/resources,API Gateway; IAM/RBAC; ACD-08,resources; idempotency_records; resource_history,Subject/Curriculum/Course references,High,Business + Technical,ACD-08 architecture document and architecture image; detailed functional/API/MongoDB design
ACD08-US-002,Resource Management,Academic Admin,"As an Academic Admin, I want to register institutional learning resources, so that centrally managed academic content is cataloged.",The gateway authenticates and authorizes the administrator; valid metadata is persisted under the correct tenant/institution/campus.,POST /api/v1/academics/resources,API Gateway; IAM/RBAC,resources; resource_history; idempotency_records,Tenant/institution context,High,Business + Technical,ACD-08 architecture document and architecture image; detailed functional/API/MongoDB design
ACD08-US-003,Resource Management,Faculty,"As a Faculty member, I want to associate a resource with a subject, course or curriculum, so that learners can find it in the correct academic context.",The service validates referenced academic identifiers and rejects missing or invalid references according to policy.,POST /api/v1/academics/resources,API Gateway; Subject Reference Client; Curriculum Reference Client,resources; resource_history,ACD-01 Course; ACD-03 Subject; Curriculum domain,High,Business + Technical,ACD-08 architecture document and architecture image; detailed functional/API/MongoDB design
ACD08-US-004,Resource Management,Faculty,"As a Faculty member, I want to classify a resource by resource type, so that syllabi, study materials, links, videos and other content can be filtered correctly.",Only supported resource types are accepted and the selected type is stored in resources.resourceType.,POST /api/v1/academics/resources,API Gateway; ACD-08 validation,resources; resource_history,Configured resource-type policy,Medium,Business + Technical,ACD-08 architecture document and architecture image; detailed functional/API/MongoDB design
ACD08-US-005,Resource Management,Faculty,"As a Faculty member, I want to add title, description and tags to a resource, so that users can understand and discover it.",Metadata is stored and tags are available to search/filter operations.,POST /api/v1/academics/resources; GET /api/v1/academics/resources/search,API Gateway; Search Service,resources,Search/indexing service,Medium,Business + Technical,ACD-08 architecture document and architecture image; detailed functional/API/MongoDB design
ACD08-US-006,Resource Management,System,"As the ACD-08 service, I want to prevent duplicate business resource codes within a tenant, so that resource identity remains consistent.",A duplicate tenantId + resourceCode combination returns a conflict and does not create a second authoritative resource.,POST /api/v1/academics/resources,API Gateway; ACD-08 Domain Rules,resources; resource_history,MongoDB unique tenant+resourceCode index,High,Business + Technical,ACD-08 architecture document and architecture image; detailed functional/API/MongoDB design
ACD08-US-007,Content Integration,Faculty,"As a Faculty member, I want to link a resource to binary content in shared object/document storage, so that ACD-08 manages metadata without owning binary bytes.",A valid immutable storageObjectRef/object reference is registered; binary content is not stored in MongoDB.,POST /api/v1/academics/resources,API Gateway; ObjectStorageAdapter,resources; resource_versions; resource_history,Shared Document/Object Storage,High,Business + Technical,ACD-08 architecture document and architecture image; detailed functional/API/MongoDB design
ACD08-US-008,Content Integration,System,"As the ACD-08 service, I want to verify the object reference, MIME type, file size and checksum before publication, so that invalid content cannot become published academic content.","Invalid reference, unsupported MIME type, negative/invalid file size or invalid checksum prevents publication and produces the appropriate error.",POST /api/v1/academics/resources; POST /api/v1/academics/resources/{id}/publish,API Gateway; ObjectStorageAdapter,resource_versions; resources; resource_history,Shared Object Storage,High,Business + Technical,ACD-08 architecture document and architecture image; detailed functional/API/MongoDB design
ACD08-US-009,Versioning,Faculty,"As a Faculty member, I want to create a new version of a resource instead of overwriting the existing version, so that previous academic content remains traceable.",A new version creates a new resource_versions record with a monotonic versionNo; no published version is overwritten.,POST /api/v1/academics/resources/{id}/versions,API Gateway; ResourceVersionManager,resource_versions; resources; resource_history; idempotency_records,Object Storage,High,Business + Technical,ACD-08 architecture document and architecture image; detailed functional/API/MongoDB design
ACD08-US-010,Versioning,Academic Admin,"As an Academic Admin, I want to view resource version details, so that I can inspect file metadata, checksum and lifecycle state.",Authorized users can retrieve version metadata without exposing unauthorized storage references.,GET /api/v1/academics/versions/{id},API Gateway; AuthorizationPolicyAdapter,resource_versions; resources; resource_access,IAM/RBAC/ABAC,Medium,Business + Technical,ACD-08 architecture document and architecture image; detailed functional/API/MongoDB design
ACD08-US-011,Versioning,Academic Admin,"As an authorized administrator, I want to restore an eligible previous version, so that an approved academic resource can be reverted without deleting its version history.",Restore creates or promotes an explicit version state according to lifecycle rules; existing immutable versions remain intact and the action is audited.,GET/POST version restore endpoint as configured by API contract,API Gateway; ResourceVersionManager; Workflow/Approval,resource_versions; resources; resource_history; outbox_events,Approval/workflow policy,Medium,Business + Technical,ACD-08 architecture document and architecture image; detailed functional/API/MongoDB design
ACD08-US-012,Versioning,System,"As the ACD-08 service, I want optimistic version checks, so that concurrent updates do not silently overwrite resource state.",A stale expectedVersion results in ACD_RESOURCE_VERSION_CONFLICT (409).,POST /api/v1/academics/resources/{id}/publish; version update APIs,API Gateway; ResourceDomainService,resources; resource_versions; resource_history; idempotency_records,MongoDB optimistic version checks,High,Business + Technical,ACD-08 architecture document and architecture image; detailed functional/API/MongoDB design
ACD08-US-013,Access Control,Academic Admin,"As an Academic Admin, I want to define who can view, download or manage a resource, so that institutional access policy is enforced.","A valid principal, scope, permission and effect are persisted as an access grant.",POST /api/v1/academics/resources/{id}/access,API Gateway; IAM/RBAC/ABAC; ResourceAccessPolicyService,resource_access; resource_history,IAM/RBAC/ABAC,High,Business + Technical,ACD-08 architecture document and architecture image; detailed functional/API/MongoDB design
ACD08-US-014,Access Control,Department Head,"As a Department Head, I want to manage resource access within my department, so that departmental governance rules are enforced.",The gateway and policy engine verify department scope before allowing access-policy changes.,POST/PUT /api/v1/academics/resources/{id}/access,API Gateway; IAM/RBAC/ABAC,resource_access; resource_history,Department context,High,Business + Technical,ACD-08 architecture document and architecture image; detailed functional/API/MongoDB design
ACD08-US-015,Access Control,Academic Admin,"As an authorized administrator, I want to update an existing access rule, so that permissions remain current as academic responsibilities change.",The access rule is updated only within authorized scope and the change is audited.,PUT /api/v1/academics/resources/{id}/access/{accessId},API Gateway; ResourceAccessPolicyService,resource_access; resource_history,Policy precedence rules,High,Business + Technical,ACD-08 architecture document and architecture image; detailed functional/API/MongoDB design
ACD08-US-016,Access Control,Academic Admin,"As an authorized administrator, I want to revoke resource access, so that users no longer retain permissions after the grant is withdrawn.",The grant changes to REVOKED with revokedBy/revokedAt recorded; subsequent authorization checks deny access when appropriate.,DELETE/PUT /api/v1/academics/resources/{id}/access/{accessId},API Gateway; AuthorizationPolicyAdapter,resource_access; resource_history,IAM/RBAC/ABAC,High,Business + Technical,ACD-08 architecture document and architecture image; detailed functional/API/MongoDB design
ACD08-US-017,Access Control,Student,"As a Student, I want to view resources I am authorized to access, so that I can consume published academic materials.",Only published resources permitted by tenant/institution/department/course/subject/batch or explicit grants are returned.,GET /api/v1/academics/resources; GET /api/v1/academics/resources/{id},API Gateway; IAM/RBAC/ABAC; Access Policy Engine,resources; resource_versions; resource_access,Student identity and academic scope,High,Business + Technical,ACD-08 architecture document and architecture image; detailed functional/API/MongoDB design
ACD08-US-018,Access Control,Student,"As a Student, I want to download a permitted resource using an authorized retrieval mechanism, so that binary content can be accessed securely.",ACD-08 verifies access before returning an authorized object reference or signed short-lived retrieval reference.,GET /api/v1/academics/resources/{id}/download,API Gateway; Access Policy Engine; ObjectStorageAdapter,resources; resource_versions; resource_access; resource_history,Shared Object Storage,High,Business + Technical,ACD-08 architecture document and architecture image; detailed functional/API/MongoDB design
ACD08-US-019,Access Control,System,"As the ACD-08 service, I want deny rules to be evaluated according to institutional policy precedence, so that conflicting grants do not accidentally expose restricted content.","A request is denied when an applicable higher-precedence deny rule applies, and the denial is audited.",GET resource/download/search endpoints,API Gateway; AuthorizationPolicyAdapter,resource_access; resource_history,Institutional access policy,High,Business + Technical,ACD-08 architecture document and architecture image; detailed functional/API/MongoDB design
ACD08-US-020,Lifecycle,Faculty,"As a Faculty member, I want a resource to begin in draft state, so that I can prepare and validate content before publication.",A newly registered resource enters the configured draft lifecycle state and is not treated as published content.,POST /api/v1/academics/resources,API Gateway; ResourceDomainService,resources; resource_versions; resource_history,Lifecycle rules,High,Business + Technical,ACD-08 architecture document and architecture image; detailed functional/API/MongoDB design
ACD08-US-021,Lifecycle,Department Head,"As a Department Head, I want to approve a resource when departmental approval is configured, so that governance requirements are satisfied before publication.",Only an authorized approver can transition the resource through the configured review/approval state; approval reference is recorded.,Publish workflow / POST /api/v1/academics/resources/{id}/publish,API Gateway; Workflow/Approval; IAM/RBAC,resources; resource_history; resource_access; outbox_events,Workflow/approval service,High,Business + Technical,ACD-08 architecture document and architecture image; detailed functional/API/MongoDB design
ACD08-US-022,Lifecycle,Academic Admin,"As an authorized publisher, I want to publish a validated resource version, so that it becomes available to permitted consumers.","Publication requires authorization, expectedVersion, ready access policy and valid immutable content reference; the published version becomes immutable.",POST /api/v1/academics/resources/{id}/publish,API Gateway; IAM/RBAC/ABAC; ResourceVersionManager,resources; resource_versions; resource_access; resource_history; outbox_events; idempotency_records,Workflow/Approval; Object Storage,High,Business + Technical,ACD-08 architecture document and architecture image; detailed functional/API/MongoDB design
ACD08-US-023,Lifecycle,Academic Admin,"As an authorized governance user, I want to archive a published resource, so that obsolete content is removed from active catalogs without losing its history.","The resource transitions to archived state, the transition is audited, and LearningResourceArchived is emitted reliably.",POST /api/v1/academics/resources/{id}/archive,API Gateway; IAM/RBAC/ABAC,resources; resource_history; outbox_events,Event Bus,High,Business + Technical,ACD-08 architecture document and architecture image; detailed functional/API/MongoDB design
ACD08-US-024,Lifecycle,System,"As the ACD-08 service, I want to prevent silent overwrite of published versions, so that academic records remain immutable and traceable.",Any attempt to modify a published version creates a new version or is rejected; the existing published version remains unchanged.,Version and publish APIs,API Gateway; ResourceVersionManager,resource_versions; resource_history,MongoDB immutable-version validation,High,Business + Technical,ACD-08 architecture document and architecture image; detailed functional/API/MongoDB design
ACD08-US-025,Lifecycle,Faculty/Admin,"As a Faculty member or Academic Admin, I want to publish a syllabus explicitly, so that the authoritative syllabus publication can be consumed by downstream services.",A valid syllabus publication creates the appropriate lifecycle record and emits SyllabusPublished with stable resource/version identifiers.,POST /api/v1/academics/resources/{id}/publish,API Gateway; ResourceDomainService; OutboxPublisher,resources; resource_versions; resource_history; outbox_events,LMS/Search/Analytics/CAM,High,Business + Technical,ACD-08 architecture document and architecture image; detailed functional/API/MongoDB design
ACD08-US-026,Search & Catalog,Student,"As a Student, I want to search learning resources by subject, course and resource type, so that I can quickly find relevant academic material.",Search supports the documented filters and returns only resources permitted by the access policy.,GET /api/v1/academics/resources/search,API Gateway; ResourceQueryService; Search Service,resources; resource_access; resource_versions,Search/indexing service,High,Business + Technical,ACD-08 architecture document and architecture image; detailed functional/API/MongoDB design
ACD08-US-027,Search & Catalog,Faculty,"As a Faculty member, I want to search resources by title, tags and publication status, so that I can manage and reuse academic materials.","Search supports title/tags/status filters with standardized pagination, filtering and sorting.",GET /api/v1/academics/resources/search,API Gateway; ResourceQueryService; Search Service,resources; resource_access,Search/indexing service,Medium,Business + Technical,ACD-08 architecture document and architecture image; detailed functional/API/MongoDB design
ACD08-US-028,Search & Catalog,Academic Admin,"As an Academic Admin, I want to retrieve a resource by ID, so that I can inspect its authoritative metadata and current lifecycle state.",The service returns the resource metadata when authorized and returns ACD_RESOURCE_NOT_FOUND for an unknown resource.,GET /api/v1/academics/resources/{id},API Gateway; AuthorizationPolicyAdapter,resources; resource_versions; resource_access,IAM/RBAC/ABAC,High,Business + Technical,ACD-08 architecture document and architecture image; detailed functional/API/MongoDB design
ACD08-US-029,Search & Catalog,Academic Admin,"As an authorized user, I want to retrieve available tags, so that I can use consistent metadata for catalog filtering.",The service returns tags within the caller's authorized tenant/scope.,GET /api/v1/academics/resources/tags,API Gateway; ResourceQueryService,resources,Tenant isolation,Medium,Business + Technical,ACD-08 architecture document and architecture image; detailed functional/API/MongoDB design
ACD08-US-030,Search & Catalog,System,"As the ACD-08 service, I want indexed resource queries, so that catalog search meets the documented performance target.",Normal indexed search operations use the planned MongoDB/search indexes and support the target search P95 of less than 2 seconds.,GET /api/v1/academics/resources/search,API Gateway; ResourceQueryService; Search Service,resources; resource_access; resource_versions,MongoDB indexes; Search Service,Medium,Business + Technical,ACD-08 architecture document and architecture image; detailed functional/API/MongoDB design
ACD08-US-031,Audit & Traceability,Academic Admin,"As an Academic Admin, I want every resource lifecycle transition recorded, so that academic content changes are traceable.","Create, version, publish, syllabus publication, archive and relevant access-policy changes are recorded with actor, time, old/new state and correlationId.",Resource lifecycle APIs,API Gateway; AuditAdapter,resource_history,Audit/governance policy,High,Business + Technical,ACD-08 architecture document and architecture image; detailed functional/API/MongoDB design
ACD08-US-032,Audit & Traceability,Auditor/Admin,"As an authorized auditor, I want to inspect resource history, so that I can trace how a resource and its versions changed over time.",History is append-only and can be queried by resource and timestamp without destructive modification.,GET history endpoint / resource audit API,API Gateway; AuditAdapter; ResourceQueryService,resource_history; resources; resource_versions,Governance retention policy,High,Business + Technical,ACD-08 architecture document and architecture image; detailed functional/API/MongoDB design
ACD08-US-033,Audit & Traceability,System,"As the ACD-08 service, I want access failures and administrative changes audited, so that unauthorized or exceptional activity is traceable.","Policy denials, access failures, administrative changes and export/access failures generate audit records with actor, scope and correlationId.",All protected APIs,API Gateway; IAM/RBAC/ABAC; AuditAdapter,resource_history,Audit/governance policy,High,Business + Technical,ACD-08 architecture document and architecture image; detailed functional/API/MongoDB design
ACD08-US-034,Event Integration,Downstream Consumer,"As an LMS/Search/Analytics/CAM consumer, I want to receive LearningResourceCreated events, so that I can update downstream resource views without querying ACD-08's database directly.","A LearningResourceCreated event contains eventId, eventType, source, occurredAt, entityType, entityId, version, correlationId and data.",Event Bus; outbox publication,OutboxPublisher; Event Bus,outbox_events; resources; resource_history,LMS/Search/Analytics/CAM,High,Business + Technical,ACD-08 architecture document and architecture image; detailed functional/API/MongoDB design
ACD08-US-035,Event Integration,Downstream Consumer,"As a downstream consumer, I want LearningResourcePublished events, so that I can make newly published resources available in downstream catalogs.",Publication generates one reliable event representing the published resource/version.,Event Bus; POST publish,OutboxPublisher; Event Bus,outbox_events; resources; resource_versions; resource_history,LMS/Search/Analytics,High,Business + Technical,ACD-08 architecture document and architecture image; detailed functional/API/MongoDB design
ACD08-US-036,Event Integration,Downstream Consumer,"As a downstream consumer, I want LearningResourceArchived events, so that archived resources are removed from active downstream catalogs.",Archive commits the lifecycle change and produces a reliable archive event.,Event Bus; POST archive,OutboxPublisher; Event Bus,outbox_events; resources; resource_history,LMS/Search/Analytics/CAM,High,Business + Technical,ACD-08 architecture document and architecture image; detailed functional/API/MongoDB design
ACD08-US-037,Event Integration,LMS/Search/Analytics,"As a downstream consumer, I want SyllabusPublished events, so that syllabus publication can be synchronized across academic services.",A syllabus publication event identifies the authoritative resource and version and is delivered reliably.,Event Bus; publish workflow,OutboxPublisher; Event Bus,outbox_events; resources; resource_versions,LMS/Search/Analytics,High,Business + Technical,ACD-08 architecture document and architecture image; detailed functional/API/MongoDB design
ACD08-US-038,Event Integration,ACD-08,"As the ACD-08 service, I want to consume SubjectCreated and CurriculumPublished events, so that resource references remain aligned with academic context.",Consumed events are processed idempotently and their context is available for catalog/reference validation.,Event Bus,Event Consumer; Subject/Curriculum Reference Clients,idempotency_records; resources; resource_history,ACD-03 Subject; Curriculum domain,Medium,Business + Technical,ACD-08 architecture document and architecture image; detailed functional/API/MongoDB design
ACD08-US-039,Reliability,System,"As the ACD-08 service, I want transactional outbox records created with resource lifecycle changes, so that events are not lost after a successful database commit.",Business state and outbox state are committed atomically where practical; unpublished outbox events are retryable.,Resource lifecycle APIs,OutboxPublisher; Event Bus,outbox_events; resources; resource_versions; resource_history,MongoDB transaction; Event Bus,High,Business + Technical,ACD-08 architecture document and architecture image; detailed functional/API/MongoDB design
ACD08-US-040,Reliability,System,"As the ACD-08 service, I want retryable writes protected by idempotency keys, so that repeated requests do not create duplicate resources or transitions.",The same tenantId + idempotencyKey with the same request hash returns the stored response; a different hash is rejected.,POST resource/version/publish/archive APIs,API Gateway; Idempotency middleware,idempotency_records; resources; resource_versions; resource_history,API Gateway idempotency handling,High,Business + Technical,ACD-08 architecture document and architecture image; detailed functional/API/MongoDB design
ACD08-US-041,Reliability,System Operator,"As a system operator, I want failed events moved to a dead-letter store after exhausted retries, so that poison events can be investigated and replayed safely.","Exhausted event failures are recorded with eventId, reason, attemptCount and replayCount without losing the original payload.",Event Bus / DLQ processing,OutboxPublisher; Event Bus; DLQ Handler,dead_letter_events; outbox_events,Message broker/DLQ,High,Business + Technical,ACD-08 architecture document and architecture image; detailed functional/API/MongoDB design
ACD08-US-042,Reliability,System,"As the ACD-08 service, I want transient storage and broker failures retried with bounded backoff, so that temporary infrastructure failures recover automatically.",Transient failures are retried; deterministic validation and authorization failures are not retried.,All retryable APIs/events,API Gateway; ObjectStorageAdapter; OutboxPublisher,idempotency_records; outbox_events; dead_letter_events,Object Storage; Event Bus,High,Business + Technical,ACD-08 architecture document and architecture image; detailed functional/API/MongoDB design
ACD08-US-043,Reporting & Export,Academic Admin,"As an Academic Admin, I want to export authorized resource metadata, so that I can support institutional reporting and catalog administration.",Export contains only authorized metadata and respects tenant/scope policy; long-running exports are asynchronous.,GET /api/v1/academics/resources/export,API Gateway; ResourceQueryService; AuthorizationPolicyAdapter,resources; resource_versions; resource_access,Reporting/analytics; asynchronous job service,Medium,Business + Technical,ACD-08 architecture document and architecture image; detailed functional/API/MongoDB design
ACD08-US-044,Analytics,Academic Admin,"As an Academic Admin, I want resource usage analytics, so that I can understand access demand and identify stale or highly used resources.",Usage data is exposed through the configured analytics endpoint/service without changing resource lifecycle automatically.,GET /api/v1/academics/resources/{id}/usage,API Gateway; Analytics/Reporting Service,resources; resource_history; resource_access,Reporting & Analytics,Medium,Business + Technical,ACD-08 architecture document and architecture image; detailed functional/API/MongoDB design
ACD08-US-045,Security & Compliance,System Operator,"As a system operator, I want tenant, institution and campus isolation enforced on every resource operation, so that one academic tenant cannot access another tenant's data.",Queries and mutations require tenant context and cross-tenant access is denied and audited.,All ACD-08 endpoints,API Gateway; IAM/RBAC/ABAC; AuthorizationPolicyAdapter,All 7 collections,IAM/tenant context,High,Business + Technical,ACD-08 architecture document and architecture image; detailed functional/API/MongoDB design
ACD08-US-046,Security & Compliance,System Operator,"As a system operator, I want direct database sharing with other services prohibited, so that ACD-08 remains the authoritative boundary for resource metadata and access policy.",Downstream services consume APIs/events rather than directly querying academic_resource_db.,All integrations,API Gateway; Event Bus,All 7 collections,LMS/Search/Analytics/CAM,High,Business + Technical,ACD-08 architecture document and architecture image; detailed functional/API/MongoDB design
ACD08-US-047,Observability,System Operator,"As a system operator, I want resource registration, publication latency, search P95, policy denials, version creation, outbox lag and DLQ depth measured, so that service health can be monitored.","The service exposes/records the documented operational metrics and distributed traces across Gateway, ACD-08, MongoDB, object storage, outbox and broker.",All APIs and event flows,API Gateway; ObservabilityAdapter,outbox_events; dead_letter_events; resource_history,Monitoring/tracing platform,Medium,Business + Technical,ACD-08 architecture document and architecture image; detailed functional/API/MongoDB design
ACD08-US-048,Backup & Recovery,System Operator,"As a system operator, I want resource metadata, versions, access policy and history backed up and restored consistently with object references, so that academic resources remain recoverable.",Restore tests verify metadata and object references remain consistent; object storage has its own versioning/replication/backup policy.,Operational/DR workflow,ACD-08; ObjectStorageAdapter,resources; resource_versions; resource_access; resource_history,Object Storage backup/replication,Medium,Business + Technical,ACD-08 architecture document and architecture image; detailed functional/API/MongoDB design
ACD08-US-049,Resource Registration & Validation,Faculty,"As a Faculty member, I want ownership of a resource validated against my academic scope, so that I cannot register resources outside my authorized department, subject, course or tenant.",The service validates tenant/institution/campus and ownership context before registration; unauthorized ownership returns an authorization error and is audited.,POST /api/v1/academics/resources,API Gateway; IAM/RBAC/ABAC; ResourceDomainService; AuthorizationPolicyAdapter,resources; resource_history; idempotency_records,User/department/subject/course context,High,Business + Security,Architecture responsibilities; FR-01; primary workflow; access policy engine
ACD08-US-050,Resource Registration & Validation,System,"As the ACD-08 service, I want registration metadata validated for supported resource type, MIME type, file size and checksum rules, so that invalid resource records cannot enter the lifecycle.","Unsupported resource types/MIME types, invalid file size or malformed checksum are rejected with deterministic validation errors; no invalid resource/version record is committed.",POST /api/v1/academics/resources,API Gateway; ResourceDomainService; ObjectStorageAdapter,resources; resource_versions; resource_history; idempotency_records,Shared Object Storage,High,Technical + Validation,MongoDB validation strategy; resource_versions integrity rules; FR-01
ACD08-US-051,Object Storage Integration,Student,"As a Student, I want a short-lived authorized retrieval reference for permitted content, so that binary content can be downloaded without exposing permanent storage credentials.",Authorization is evaluated before a retrieval reference is returned; the reference is short-lived and scoped to the permitted object/version; unauthorized users receive a policy denial.,GET /api/v1/academics/resources/{id}/download,API Gateway; Access Policy Engine; ObjectStorageAdapter; AuthorizationPolicyAdapter,resources; resource_versions; resource_access; resource_history,Shared Object Storage,High,Security,Security and Data Classification; Integration Contracts; RBAC/ABAC
ACD08-US-052,Access Control,Academic Admin,"As an Academic Admin, I want access grants to support time windows, so that permissions automatically apply only during their valid period.",validFrom/validTo are validated; expired grants are not treated as active; invalid date windows are rejected; grant changes are audited.,Access-policy API operation,API Gateway; ResourceAccessPolicyService; AuthorizationPolicyAdapter,resource_access; resource_history,IAM/RBAC/ABAC; institutional policy,High,Business + Security,resource_access data dictionary; access policy engine; RBAC/ABAC
ACD08-US-053,Access Control,System,"As the ACD-08 service, I want access grants validated for conflicts and policy precedence, so that contradictory permissions do not create unintended access.",Conflicting grants are detected according to institutional policy; deny precedence is respected; invalid combinations are rejected or resolved according to configured policy and audited.,Access-policy API operation,ResourceAccessPolicyService; AuthorizationPolicyAdapter,resource_access; resource_history,Institutional policy configuration,High,Technical + Security,resource_access indexes/security; Access Policy Engine
ACD08-US-054,Access Control,System,"As the ACD-08 service, I want each access-policy change associated with a policy version, so that authorization decisions remain traceable and reproducible.",Every access-policy mutation records policyVersion; authorization/audit records can identify the policy version applicable to the grant.,Access-policy API operation,ResourceAccessPolicyService; AuditAdapter,resource_access; resource_history,IAM/RBAC/ABAC; policy configuration,Medium,Technical + Audit,resource_access data dictionary; Audit Requirements
ACD08-US-055,Access Control,Faculty,"As a Faculty member, I want to scope a resource to an academic batch or program where permitted, so that access reflects the intended learner population.",Batch/program scope is represented in the authorization context where configured; users outside the permitted scope cannot retrieve the resource.,GET resource/search/download; access-policy API operation,API Gateway; IAM/RBAC/ABAC; Access Policy Engine,resource_access; resources; resource_history,Batch/program academic context,High,Business + Security,Architecture image RBAC/ABAC; access policy engine
ACD08-US-056,Resource Integrity,System,"As the ACD-08 service, I want duplicate content detected using checksum/contentHash, so that accidental duplicate resource versions can be identified.",The service can detect matching checksum/contentHash values within the applicable tenant/resource scope and surface the duplicate condition without overwriting existing content.,Resource registration/version operation,ResourceDomainService; ResourceVersionManager; ResourceQueryService,resource_versions; resources,Object Storage,Medium,Technical + Data Quality,Query Patterns; resource_versions indexes; Intelligence and Analytics
ACD08-US-057,Search & Catalog,System,"As the ACD-08 service, I want resource lifecycle changes synchronized with the search index, so that search results reflect current publication and archive state.",Create/publish/archive changes generate the integration signal needed by the search service; stale indexed records are reconciled without direct database sharing.,Resource lifecycle APIs; Event Bus,OutboxPublisher; Event Bus; Search Integration,outbox_events; resources; resource_versions; resource_history,Search Service,High,Integration,Downstream Consumers; published events; no direct DB sharing
ACD08-US-058,Bulk Operations,Academic Admin,"As an Academic Admin, I want to bulk import resource metadata and references, so that large academic catalogs can be onboarded efficiently.","Bulk import validates each record, isolates invalid records according to the configured import policy, is asynchronous for long-running jobs, and preserves idempotency and auditability.",Bulk import API/job operation,API Gateway; ResourceApplicationService; asynchronous job service; Idempotency,resources; resource_versions; resource_history; idempotency_records,Object Storage; Subject/Curriculum/Course context,Medium,Business + Technical,Scalability Architecture; asynchronous bulk import/export; API standard
ACD08-US-059,Bulk Operations,Academic Admin,"As an Academic Admin, I want export jobs to have a trackable lifecycle, so that large exports can be submitted, monitored and retrieved without blocking the API.",The export request returns a job reference; status can be checked; completion produces an authorized result; failures are traceable and do not expose unauthorized records.,GET /api/v1/academics/resources/export; asynchronous export job,API Gateway; ResourceQueryService; asynchronous job service; AuthorizationPolicyAdapter,resources; resource_versions; resource_access; resource_history,Reporting/Analytics; object/file storage,Medium,Business + Technical,API standard; Performance Requirements; Scalability Architecture
ACD08-US-060,Event Reliability,System,"As an ACD-08 event consumer, I want duplicate events detected by eventId, so that retries do not create duplicate downstream actions.",A previously processed eventId is recognized and not processed as a new business event; processing remains traceable through correlation/causation identifiers.,Event Bus,Event Consumer; Idempotency Handler,idempotency_records; outbox_events,Event Bus; downstream consumers,High,Technical + Reliability,Event Reliability; idempotency_records
ACD08-US-061,Event Reliability,System Operator,"As a system operator, I want dead-letter events replayed after remediation, so that recoverable failed events can be reprocessed without losing their original context.",An authorized operator can replay an eligible DLQ event; replayCount and outcome are recorded; replay does not bypass idempotency or authorization controls.,DLQ/replay operational API,DLQ Handler; Event Consumer; Idempotency Handler,dead_letter_events; outbox_events; idempotency_records,Event Bus,High,Technical + Operations,dead_letter_events; Event Reliability; Failure Handling
ACD08-US-062,Retention & Governance,Academic Admin,"As an Academic Admin, I want retention rules applied to drafts, versions, access records and history, so that records follow institutional academic governance requirements.",Retention categories are configurable according to institutional policy; published syllabus/resource history is retained as required; draft operational data can follow shorter retention without deleting required academic records.,Governance/retention operation,Retention Service; AuditAdapter; ResourceRepository,resources; resource_versions; resource_access; resource_history,Institutional governance policy; object storage retention,Medium,Compliance,Data Retention; Audit Requirements
ACD08-US-063,Intelligence & Analytics,Academic Admin,"As an Academic Admin, I want stale-resource and resource-demand insights, so that I can identify resources that may need review or improved coverage.","Analytics can surface usage trends, stale-resource signals, syllabus coverage, resource-type distribution and access-demand patterns; insights are advisory and cannot silently change lifecycle state.",Analytics/reporting operation,Reporting & Analytics; Intelligence Layer,resources; resource_versions; resource_access; resource_history,Analytics Platform,Medium,Analytics,Intelligence and Analytics; Resource Analytics outputs
ACD08-US-064,Academic Context Integration,System,"As the ACD-08 service, I want resource context validated against the academic calendar where applicable, so that resources can be aligned with the relevant academic period.","When academic-period context is required by the resource policy, the service validates the referenced academic period and rejects or quarantines invalid context according to policy.",Resource registration/search integration,Academic Calendar Reference Client; ResourceDomainService,resources; resource_history,Academic Calendar Service,Medium,Integration,Architecture image dependent services; cross-module integration
ACD08-US-065,Backup & Disaster Recovery,System Operator,"As a system operator, I want disaster-recovery tests to verify metadata-to-object-reference consistency, so that restored resources do not point to missing or incompatible binary content.","Recovery tests validate resources, versions, access policies and history against object-storage references; inconsistencies are detected before restored content is exposed.",Operational DR workflow,Backup/Restore Service; ObjectStorageAdapter; ResourceRepository,resources; resource_versions; resource_access; resource_history,Object Storage backup/replication,High,Operations + Resilience,"Backup, Restore and DR; Failure Scenarios"
